Orthogroup	Bpertussis	Ecoli
OG0000000	BP0338, BP1592	b1285, b1489, b3529, b2176, b1815, b0315, b1168, b0457, b4061, b0833, b2395, b2503
OG0000001	BP1882	b0139, b2109, b3144, b0940, b4317, b1505, b0532
OG0000002	BP2315, BP1201, BP3494, BP1054, BP2738	b2190, b2647
OG0000003	BP2451	b3667, b2789, b3127, b3691, b4356, b3093
OG0000004	BP2555, BP0027, BP0436, BP2944	b1387
OG0000005	BP0483, BP3798	b4396, b4062, b1531
OG0000006	BP2224, BP0529, BP1344	b2000, b2233
OG0000007	BP0617, BP3307, BP1100, BP3190	b1013
OG0000008	BP0985	b2470, b3266, b0462, b3514
OG0000009	BP2399	b4089, b1853, b2427, b2561
OG0000010	BP3611, BP0007	b3980, b3339
OG0000011	BP0209, BP3547	b0113, b3604
OG0000012	BP2114, BP0225, BP2511	b0686
OG0000013	BP1207, BP0322	b0512, b2873
OG0000014	BP0380	b0770, b0612, b3063
OG0000015	BP0422	b2844
OG0000015	BP2059	b2224
OG0000016	BP0556, BP3847, BP3695	b0352
OG0000017	BP0675	b3551, b1872, b0997
OG0000018	BP1691	b2484
OG0000018	BP0852	b2278
OG0000019	BP1030	b1885, b1886, b4355
OG0000020	BP1258	b2797, b1814, b4471
OG0000021	BP1500	b3138, b3133, b1817
OG0000022	BP1973, BP1546, BP2742	b3547
OG0000023	BP2075	b0463, b3265, b3513
OG0000024	BP2403	b2766, b0043, b1699
OG0000025	BP3036, BP2810, BP3857	b1338
OG0000026	BP3754	b3213, b2887, b2468
OG0000027	BP1542, BP0064	b3153
OG0000028	BP0080, BP1118	b0267
OG0000029	BP0092	b2054, b2033
OG0000030	BP0102	b0839, b0632
OG0000031	BP0109	b3788, b2041
OG0000032	BP1817, BP0362	b3844
OG0000033	BP0451	b1748, b3359
OG0000034	BP0576, BP2128	b0283
OG0000035	BP0625	b1695, b0039
OG0000036	BP0655, BP3588	b3957
OG0000037	BP0669	b3846, b2341
OG0000038	BP0685	b2881, b2866
OG0000039	BP0857, BP0856	b0805
OG0000040	BP0904	b2734, b1838
OG0000041	BP0905, BP3655	b3396
OG0000042	BP0961	b0041, b1697
OG0000043	BP0962	b1698, b0042
OG0000044	BP0990, BP2522	b0529
OG0000045	BP0999	b2465, b2935
OG0000046	BP1003	b2296, b3115
OG0000047	BP1014	b2987, b3493
OG0000048	BP1061	b1193, b2963
OG0000049	BP1102	b4129, b2890
OG0000050	BP1155	b0992, b2204
OG0000051	BP1161	b1581, b4478
OG0000052	BP2382, BP1190	b1753
OG0000053	BP1209	b2790, b3742
OG0000054	BP1242	b3060, b1799
OG0000055	BP1285	b3460, b3458
OG0000056	BP1463	b0909, b2936
OG0000057	BP1475	b1476, b3892
OG0000058	BP1519	b2096, b3137
OG0000059	BP1611	b3113, b4243
OG0000060	BP1628	b0983, b2062
OG0000061	BP1629, BP3150	b3787
OG0000062	BP1658	b2469, b3668
OG0000063	BP1715	b3714, b3664
OG0000064	BP1740, BP1739	b0852
OG0000065	BP1797	b0982, b2061
OG0000066	BP1842	b2810, b1680
OG0000067	BP1859, BP2301	b0516
OG0000068	BP1865	b3094, b4324
OG0000069	BP1913	b0002, b4024
OG0000070	BP1970, BP3141	b2048
OG0000071	BP2289	b2685, b2368
OG0000072	BP2290	b2367, b2686
OG0000073	BP2378	b0035, b1400
OG0000074	BP2455	b3350, b0047
OG0000075	BP2478	b4067, b1015
OG0000076	BP2497	b1494, b3527
OG0000077	BP2514, BP3254	b1232
OG0000078	BP2571	b2127, b1162
OG0000079	BP2621, BP3679	b4135
OG0000080	BP2815	b3656, b3878
OG0000081	BP2840	b1111, b1618
OG0000082	BP2953	b0545, b0773
OG0000083	BP3250, BP3007	b1218
OG0000084	BP3053	b0509, b3125
OG0000085	BP3073	b1054, b2378
OG0000086	BP3095, BP3105	b0763
OG0000087	BP3120	b2349, b2442
OG0000088	BP3145, BP3147	b3628
OG0000089	BP3269	b0662, b2906
OG0000090	BP3299, BP3861	b3477
OG0000091	BP3315	b3017, b0123
OG0000092	BP3327	b2039, b3789
OG0000093	BP3403	b1236, b2042
OG0000094	BP3457	b3118, b1339
OG0000095	BP3538	b4254, b0273
OG0000096	BP3652	b4074, b2196
OG0000097	BP3717	b4572, b0321
OG0000098	BP3824	b3754, b2077
OG0000099	BP0001	b3741
OG0000100	BP0002	b3740
OG0000101	BP0008	b3981
OG0000102	BP0009	b3982
OG0000103	BP0010	b3983
OG0000104	BP0011	b3984
OG0000105	BP0013	b3985
OG0000106	BP0014	b3986
OG0000107	BP0015	b3987
OG0000108	BP0016	b3988
OG0000109	BP0033	b3560
OG0000110	BP0034	b3559
OG0000111	BP0035	b0200
OG0000112	BP0038	b1651
OG0000113	BP0044	b1916
OG0000114	BP0050	b0433
OG0000115	BP0055	b0653
OG0000116	BP0056	b0654
OG0000117	BP0074	b0473
OG0000118	BP0075	b0838
OG0000119	BP0076	b0110
OG0000120	BP0078	b2611
OG0000121	BP0079	b2610
OG0000122	BP0087	b2047
OG0000123	BP0088	b2253
OG0000124	BP0089	b2050
OG0000125	BP0090	b3786
OG0000126	BP0093	b4280
OG0000127	BP0094	b3621
OG0000128	BP0095	b3633
OG0000129	BP0098	b3973
OG0000130	BP0104	b0631
OG0000131	BP0105	b0630
OG0000132	BP0106	b0628
OG0000133	BP0107	b2038
OG0000134	BP0108	b2040
OG0000135	BP0113	b3860
OG0000136	BP0115	b1876
OG0000137	BP0131	b0074
OG0000138	BP0133	b3202
OG0000139	BP0139	b3772
OG0000140	BP0151	b0712
OG0000141	BP0152	b0711
OG0000142	BP0155	b2913
OG0000143	BP0157	b0570
OG0000144	BP0158	b0571
OG0000145	BP0159	b0400
OG0000146	BP0160	b0399
OG0000147	BP0161	b3833
OG0000148	BP0164	b3835
OG0000149	BP0168	b2778
OG0000150	BP0170	b0797
OG0000151	BP0171	b3824
OG0000152	BP0172	b4375
OG0000153	BP0174	b3336
OG0000154	BP0179	b1055
OG0000155	BP0180	b2114
OG0000156	BP0182	b2113
OG0000157	BP0183	b4220
OG0000158	BP0184	b4221
OG0000159	BP0185	b2065
OG0000160	BP0190	b4117
OG0000161	BP0191	b3492
OG0000162	BP0193	b3908
OG0000163	BP0195	b2905
OG0000164	BP0196	b2904
OG0000165	BP0197	b2903
OG0000166	BP0206	b3994
OG0000167	BP0214	b0444
OG0000168	BP0215	b3956
OG0000169	BP0217	b1395
OG0000170	BP0221	b2221
OG0000171	BP0227	b0384
OG0000172	BP0238	b0142
OG0000173	BP0239	b0143
OG0000174	BP0241	b2496
OG0000175	BP0242	b2499
OG0000176	BP0243	b4171
OG0000177	BP0244	b4170
OG0000178	BP0245	b2317
OG0000179	BP0246	b2817
OG0000180	BP0247	b4168
OG0000181	BP0248	b1611
OG0000182	BP0252	b3447
OG0000183	BP0259	b0733
OG0000184	BP0260	b0734
OG0000185	BP0261	b4515
OG0000186	BP0262	b0887
OG0000187	BP0263	b0886
OG0000188	BP0264	b0469
OG0000189	BP0273	b3228
OG0000190	BP0274	b3229
OG0000191	BP0278	b3291
OG0000192	BP0279	b0710
OG0000193	BP0280	b3235
OG0000194	BP0285	b0476
OG0000195	BP0288	b1790
OG0000196	BP0289	b3771
OG0000197	BP0290	b1657
OG0000198	BP0315	b0154
OG0000199	BP0316	b3993
OG0000200	BP0318	b2710
OG0000201	BP0319	b2948
OG0000202	BP0320	b2949
OG0000203	BP0324	b0049
OG0000204	BP0325	b4262
OG0000205	BP0326	b3208
OG0000206	BP0333	b2268
OG0000207	BP0339	b1335
OG0000208	BP0340	b2212
OG0000209	BP0343	b4287
OG0000210	BP0344	b1711
OG0000211	BP0348	b4292
OG0000212	BP0349	b4293
OG0000213	BP0353	b1392
OG0000214	BP0367	b3646
OG0000215	BP0368	b1761
OG0000216	BP0370	b3642
OG0000217	BP0374	b3251
OG0000218	BP0375	b3250
OG0000219	BP0376	b3249
OG0000220	BP0377	b0635
OG0000221	BP0378	b0634
OG0000222	BP0379	b0801
OG0000223	BP0381	b3641
OG0000224	BP0383	b3959
OG0000225	BP0387	b3150
OG0000226	BP0388	b3149
OG0000227	BP0390	b3146
OG0000228	BP0394	b2578
OG0000229	BP0395	b2534
OG0000230	BP0397	b1733
OG0000231	BP0398	b2257
OG0000232	BP0399	b2351
OG0000233	BP0402	b3653
OG0000234	BP0404	b2223
OG0000235	BP0406	b0215
OG0000236	BP0414	b3508
OG0000237	BP0415	b2832
OG0000238	BP0432	b4248
OG0000239	BP0437	b0338
OG0000240	BP0457	b3284
OG0000241	BP0460	b1763
OG0000242	BP0464	b4266
OG0000243	BP0469	b1520
OG0000244	BP0471	b3041
OG0000245	BP0475	b1084
OG0000246	BP0477	b1086
OG0000247	BP0479	b1971
OG0000248	BP0480	b1972
OG0000249	BP0484	b3605
OG0000250	BP0489	b3699
OG0000251	BP0490	b3701
OG0000252	BP0491	b3702
OG0000253	BP0492	b3703
OG0000254	BP0493	b3704
OG0000255	BP0494	b4557
OG0000256	BP0495	b3705
OG0000257	BP0502	b0537
OG0000258	BP0509	b1349
OG0000259	BP0521	b2080
OG0000260	BP0545	b0835
OG0000261	BP0551	b3288
OG0000262	BP0552	b3287
OG0000263	BP0555	b4473
OG0000264	BP0563	b2916
OG0000265	BP0564	b2923
OG0000266	BP0569	b3289
OG0000267	BP0573	b3290
OG0000268	BP0574	b3849
OG0000269	BP0585	b2542
OG0000270	BP0586	b2540
OG0000271	BP0598	b0581
OG0000272	BP0600	b3413
OG0000273	BP0601	b3606
OG0000274	BP0603	b3608
OG0000275	BP0604	b3609
OG0000276	BP0605	b3610
OG0000277	BP0606	b3611
OG0000278	BP0607	b0755
OG0000279	BP0608	b3613
OG0000280	BP0609	b1830
OG0000281	BP0610	b0826
OG0000282	BP0624	b0037
OG0000283	BP0651	b2133
OG0000284	BP0659	b3253
OG0000285	BP0666	b3729
OG0000286	BP0677	b1210
OG0000287	BP0678	b1211
OG0000288	BP0679	b1212
OG0000289	BP0680	b1654
OG0000290	BP0681	b2311
OG0000291	BP0684A	b2868
OG0000292	BP0689	b0633
OG0000293	BP0690	b3205
OG0000294	BP0694	b3204
OG0000295	BP0697	b3201
OG0000296	BP0700	b3198
OG0000297	BP0701	b3197
OG0000298	BP0702	b1849
OG0000299	BP0709	b1866
OG0000300	BP0718	b0331
OG0000301	BP0735	b1056
OG0000302	BP0746	b0242
OG0000303	BP0747	b3183
OG0000304	BP0748	b3185
OG0000305	BP0749	b3186
OG0000306	BP0751	b3187
OG0000307	BP0752	b2839
OG0000308	BP0765	b0655
OG0000309	BP0768	b0652
OG0000310	BP0774	b1450
OG0000311	BP0789	b0077
OG0000312	BP0790	b0078
OG0000313	BP0791	b3774
OG0000314	BP0794	b3165
OG0000315	BP0795	b3164
OG0000316	BP0798	b3117
OG0000317	BP0801	b3919
OG0000318	BP0802	b3175
OG0000319	BP0804	b0314
OG0000320	BP0814	b2289
OG0000321	BP0815	b3008
OG0000322	BP0820	b1301
OG0000323	BP0829	b4212
OG0000324	BP0841	b2288
OG0000325	BP0842	b2287
OG0000326	BP0844	b2286
OG0000327	BP0845	b2285
OG0000328	BP0846	b2284
OG0000329	BP0847	b2283
OG0000330	BP0848	b2282
OG0000331	BP0849	b2281
OG0000332	BP0850	b2280
OG0000333	BP0851	b2279
OG0000334	BP0853	b2277
OG0000335	BP0854	b2276
OG0000336	BP0862	b0768
OG0000337	BP0863	b4388
OG0000338	BP0864	b1114
OG0000339	BP0865	b2747
OG0000340	BP0866	b2746
OG0000341	BP0868	b4232
OG0000342	BP0869	b0932
OG0000343	BP0900	b3012
OG0000344	BP0901	b0419
OG0000345	BP0909	b0231
OG0000346	BP0913	b0936
OG0000347	BP0922	b0769
OG0000348	BP0928	b1422
OG0000349	BP0942	b2232
OG0000350	BP0943	b3552
OG0000351	BP0944	b2231
OG0000352	BP0945	b0907
OG0000353	BP0946	b2599
OG0000354	BP0948	b0908
OG0000355	BP0949	b0910
OG0000356	BP0950	b0911
OG0000357	BP0951	b0912
OG0000358	BP0953	b1280
OG0000359	BP0954	b3052
OG0000360	BP0955	b3619
OG0000361	BP0958	b2421
OG0000362	BP0959	b2701
OG0000363	BP0966	b3917
OG0000364	BP0969	b2422
OG0000365	BP0970A	b2752
OG0000366	BP0975	b2606
OG0000367	BP0976	b1813
OG0000368	BP0977	b2834
OG0000369	BP0982	b4022
OG0000370	BP0986	b0572
OG0000371	BP0987	b1795
OG0000372	BP0989	b3498
OG0000373	BP0991	b3669
OG0000374	BP0993	b0114
OG0000375	BP0994	b0115
OG0000376	BP0995	b0116
OG0000377	BP0996	b1923
OG0000378	BP0998	b2946
OG0000379	BP1000	b2927
OG0000380	BP1001	b2926
OG0000381	BP1006	b2301
OG0000382	BP1010	b2434
OG0000383	BP1011	b1000
OG0000384	BP1015	b0009
OG0000385	BP1021	b1922
OG0000386	BP1022	b1892
OG0000387	BP1023	b1891
OG0000388	BP1024	b1890
OG0000389	BP1025	b1889
OG0000390	BP1028	b1888
OG0000391	BP1029	b1887
OG0000392	BP1032	b1883
OG0000393	BP1033	b1882
OG0000394	BP1034	b1881
OG0000395	BP1036	b1771
OG0000396	BP1038	b0658
OG0000397	BP1039	b0659
OG0000398	BP1040	b0660
OG0000399	BP1041	b0661
OG0000400	BP1045	b0409
OG0000401	BP1046	b0408
OG0000402	BP1047	b0407
OG0000403	BP1049	b0406
OG0000404	BP1050	b0405
OG0000405	BP1051	b3182
OG0000406	BP1052	b2498
OG0000407	BP1055	b3368
OG0000408	BP1057	b3098
OG0000409	BP1060	b3843
OG0000410	BP1068	b3725
OG0000411	BP1069	b3726
OG0000412	BP1070	b3727
OG0000413	BP1071	b3728
OG0000414	BP1072	b2501
OG0000415	BP1073	b2502
OG0000416	BP1075	b3176
OG0000417	BP1076	b3177
OG0000418	BP1077	b3178
OG0000419	BP1078	b3179
OG0000420	BP1079	b3180
OG0000421	BP1085	b4049
OG0000422	BP1088	b3886
OG0000423	BP1090	b1706
OG0000424	BP1104	b2891
OG0000425	BP1105	b2892
OG0000426	BP1107	b1118
OG0000427	BP1108	b1117
OG0000428	BP1109	b4378
OG0000429	BP1116	b1266
OG0000430	BP1117	b3406
OG0000431	BP1120	b2463
OG0000432	BP1124	b0726
OG0000433	BP1125	b0727
OG0000434	BP1127	b3232
OG0000435	BP1138	b0150
OG0000436	BP1143	b3384
OG0000437	BP1144	b3407
OG0000438	BP1145	b1808
OG0000439	BP1146	b2595
OG0000440	BP1147	b2594
OG0000441	BP1148	b2593
OG0000442	BP1162	b3773
OG0000443	BP1165	b3258
OG0000444	BP1175	b3024
OG0000445	BP1186	b3929
OG0000446	BP1189	b0192
OG0000447	BP1193	b4546
OG0000448	BP1194	b2467
OG0000449	BP1195	b2236
OG0000450	BP1197	b1334
OG0000451	BP1198	b2592
OG0000452	BP1210	b2214
OG0000453	BP1217	b0624
OG0000454	BP1221	b1190
OG0000455	BP1226	b2270
OG0000456	BP1227	b4389
OG0000457	BP1230	b1663
OG0000458	BP1232	b0296
OG0000459	BP1235	b3638
OG0000460	BP1236	b0028
OG0000461	BP1237	b0029
OG0000462	BP1241	b1008
OG0000463	BP1244	b1269
OG0000464	BP1245	b3170
OG0000465	BP1246	b3169
OG0000466	BP1247	b3168
OG0000467	BP1248	b3167
OG0000468	BP1249	b3166
OG0000469	BP1250	b3871
OG0000470	BP1254	b3863
OG0000471	BP1256	b3830
OG0000472	BP1257	b4020
OG0000473	BP1260	b3053
OG0000474	BP1262	b3783
OG0000475	BP1263	b3781
OG0000476	BP1264	b3030
OG0000477	BP1266	b3019
OG0000478	BP1267	b2152
OG0000479	BP1270	b1454
OG0000480	BP1273	b3454
OG0000481	BP1274	b3455
OG0000482	BP1275	b3456
OG0000483	BP1276	b3457
OG0000484	BP1279	b3471
OG0000485	BP1280	b0386
OG0000486	BP1281	b3453
OG0000487	BP1282	b3452
OG0000488	BP1283	b3451
OG0000489	BP1284	b3450
OG0000490	BP1289	b2807
OG0000491	BP1294	b4160
OG0000492	BP1297	b4386
OG0000493	BP1299	b4093
OG0000494	BP1300	b2302
OG0000495	BP1301	b1710
OG0000496	BP1306	b3503
OG0000497	BP1320	b2951
OG0000498	BP1321	b2418
OG0000499	BP1327	b3431
OG0000500	BP1328	b3432
OG0000501	BP1329	b4239
OG0000502	BP1339	b0789
OG0000503	BP1340	b0790
OG0000504	BP1342	b3071
OG0000505	BP1348	b0616
OG0000506	BP1360	b0425
OG0000507	BP1363	b1918
OG0000508	BP1364	b1920
OG0000509	BP1366	b1880
OG0000510	BP1371	b1071
OG0000511	BP1372	b1072
OG0000512	BP1373	b1073
OG0000513	BP1374	b1074
OG0000514	BP1375	b1075
OG0000515	BP1376	b1076
OG0000516	BP1377	b1077
OG0000517	BP1378	b1078
OG0000518	BP1379	b1079
OG0000519	BP1380	b1080
OG0000520	BP1381	b1081
OG0000521	BP1382	b1082
OG0000522	BP1383	b1083
OG0000523	BP1389	b1950
OG0000524	BP1390	b1949
OG0000525	BP1391	b1948
OG0000526	BP1392	b1947
OG0000527	BP1393	b1946
OG0000528	BP1394	b1945
OG0000529	BP1395	b1944
OG0000530	BP1399	b1942
OG0000531	BP1400	b1941
OG0000532	BP1401	b1940
OG0000533	BP1402	b1939
OG0000534	BP1403	b1938
OG0000535	BP1404	b1937
OG0000536	BP1409	b1925
OG0000537	BP1410	b1924
OG0000538	BP1412	b2315
OG0000539	BP1414	b2313
OG0000540	BP1415	b2312
OG0000541	BP1417	b0167
OG0000542	BP1418	b0168
OG0000543	BP1419	b0169
OG0000544	BP1420	b0170
OG0000545	BP1421	b0171
OG0000546	BP1422	b0172
OG0000547	BP1423	b0174
OG0000548	BP1424	b0175
OG0000549	BP1425	b0173
OG0000550	BP1426	b0176
OG0000551	BP1427	b0177
OG0000552	BP1428	b0178
OG0000553	BP1429	b0179
OG0000554	BP1430	b0180
OG0000555	BP1431	b0181
OG0000556	BP1432	b0182
OG0000557	BP1433	b0183
OG0000558	BP1435	b1703
OG0000559	BP1436	b1702
OG0000560	BP1440	b0489
OG0000561	BP1441	b1341
OG0000562	BP1442	b2620
OG0000563	BP1443	b2619
OG0000564	BP1444	b2618
OG0000565	BP1447	b3882
OG0000566	BP1451	b0008
OG0000567	BP1452	b0032
OG0000568	BP1453	b0033
OG0000569	BP1455	b4395
OG0000570	BP1462	b2329
OG0000571	BP1464	b3856
OG0000572	BP1465	b0827
OG0000573	BP1466	b3857
OG0000574	BP1472	b4079
OG0000575	BP1481	b0072
OG0000576	BP1482	b0071
OG0000577	BP1483	b0073
OG0000578	BP1484	b3433
OG0000579	BP1486	b2318
OG0000580	BP1492	b1535
OG0000581	BP1496	b2217
OG0000582	BP1497	b1719
OG0000583	BP1498	b1718
OG0000584	BP1499	b2947
OG0000585	BP1501	b3206
OG0000586	BP1502	b2416
OG0000587	BP1522	b3022
OG0000588	BP1523	b3021
OG0000589	BP1526	b0523
OG0000590	BP1527	b0522
OG0000591	BP1528	b3282
OG0000592	BP1531	b2937
OG0000593	BP1540	b2894
OG0000594	BP1541	b0481
OG0000595	BP1545	b2134
OG0000596	BP1549	b0470
OG0000597	BP1550	b0471
OG0000598	BP1551	b0472
OG0000599	BP1555	b2475
OG0000600	BP1556	b1267
OG0000601	BP1563	b3713
OG0000602	BP1566	b2733
OG0000603	BP1567	b1128
OG0000604	BP1570	b2478
OG0000605	BP1573	b0811
OG0000606	BP1574	b0810
OG0000607	BP1575	b0809
OG0000608	BP1576	b3650
OG0000609	BP1577	b3649
OG0000610	BP1578	b3648
OG0000611	BP1582	b1708
OG0000612	BP1583	b1982
OG0000613	BP1587	b3644
OG0000614	BP1588	b3643
OG0000615	BP1593	b2954
OG0000616	BP1595	b2955
OG0000617	BP1596	b3870
OG0000618	BP1597	b3869
OG0000619	BP1598	b3868
OG0000620	BP1599	b2015
OG0000621	BP1600	b3439
OG0000622	BP1607	b0208
OG0000623	BP1609	b0207
OG0000624	BP1612	b3652
OG0000625	BP1613	b3961
OG0000626	BP1616	b0812
OG0000627	BP1635	b3801
OG0000628	BP1664	b1635
OG0000629	BP1700	b2559
OG0000630	BP1701	b1192
OG0000631	BP1706	b0820
OG0000632	BP1712	b3848
OG0000633	BP1716	b3064
OG0000634	BP1718	b3059
OG0000635	BP1719	b2744
OG0000636	BP1720	b2743
OG0000637	BP1721	b2865
OG0000638	BP1725	b2785
OG0000639	BP1726	b0487
OG0000640	BP1730	b3499
OG0000641	BP1731	b3449
OG0000642	BP1732	b0441
OG0000643	BP1733	b0494
OG0000644	BP1736	b4376
OG0000645	BP1738	b4045
OG0000646	BP1747	b3698
OG0000647	BP1751	b3639
OG0000648	BP1752	b0027
OG0000649	BP1753	b0026
OG0000650	BP1754	b0025
OG0000651	BP1759	b3813
OG0000652	BP1760	b1495
OG0000653	BP1761	b3352
OG0000654	BP1762	b2330
OG0000655	BP1763	b2472
OG0000656	BP1764	b0166
OG0000657	BP1772	b3556
OG0000658	BP1773	b3002
OG0000659	BP1774	b0436
OG0000660	BP1775	b0437
OG0000661	BP1776	b0438
OG0000662	BP1777	b0439
OG0000663	BP1794	b4043
OG0000664	BP1796	b0779
OG0000665	BP1798	b2531
OG0000666	BP1799	b2530
OG0000667	BP1800	b2529
OG0000668	BP1801	b2528
OG0000669	BP1802	b2527
OG0000670	BP1803	b2526
OG0000671	BP1804	b2525
OG0000672	BP1805	b2524
OG0000673	BP1806	b0963
OG0000674	BP1812	b2737
OG0000675	BP1815	b0947
OG0000676	BP1816	b0131
OG0000677	BP1818	b1189
OG0000678	BP1836	b2697
OG0000679	BP1837	b3470
OG0000680	BP1839	b2609
OG0000681	BP1840	b2608
OG0000682	BP1841	b2607
OG0000683	BP1845	b2898
OG0000684	BP1846	b1097
OG0000685	BP1847	b1098
OG0000686	BP1848	b1099
OG0000687	BP1849	b1100
OG0000688	BP1864	b3579
OG0000689	BP1877	b2370
OG0000690	BP1878	b0535
OG0000691	BP1881	b0140
OG0000692	BP1898	b2924
OG0000693	BP1901	b2532
OG0000694	BP1902	b2533
OG0000695	BP1903	b1816
OG0000696	BP1904	b3057
OG0000697	BP1905	b0524
OG0000698	BP1906	b0525
OG0000699	BP1908	b0526
OG0000700	BP1910	b0185
OG0000701	BP1912	b0188
OG0000702	BP1921	b1009
OG0000703	BP1940	b1650
OG0000704	BP1942	b1022
OG0000705	BP1943	b1023
OG0000706	BP1972	b3607
OG0000707	BP1974	b1120
OG0000708	BP1976	b2661
OG0000709	BP1977	b1302
OG0000710	BP1986	b2180
OG0000711	BP1996	b3391
OG0000712	BP2010	b4147
OG0000713	BP2013	b3039
OG0000714	BP2014	b1276
OG0000715	BP2021	b0118
OG0000716	BP2025	b1251
OG0000717	BP2026	b1533
OG0000718	BP2031	b2920
OG0000719	BP2041	b0243
OG0000720	BP2042	b0640
OG0000721	BP2044	b0642
OG0000722	BP2045	b1596
OG0000723	BP2046	b2684
OG0000724	BP2050	b3636
OG0000725	BP2051	b3637
OG0000726	BP2052	b2182
OG0000727	BP2056	b2678
OG0000728	BP2057	b2677
OG0000729	BP2067	b1646
OG0000730	BP2071	b0761
OG0000731	BP2078	b2564
OG0000732	BP2079	b2563
OG0000733	BP2080	b1107
OG0000734	BP2081	b1913
OG0000735	BP2082	b1912
OG0000736	BP2084	b2794
OG0000737	BP2085	b4015
OG0000738	BP2091	b2538
OG0000739	BP2092	b2539
OG0000740	BP2110	b1749
OG0000741	BP2120	b3500
OG0000742	BP2129	b3010
OG0000743	BP2142	b1540
OG0000744	BP2143	b1206
OG0000745	BP2150	b0456
OG0000746	BP2151	b1464
OG0000747	BP2153	b4336
OG0000748	BP2157	b3588
OG0000749	BP2162	b0777
OG0000750	BP2164	b0776
OG0000751	BP2165	b0774
OG0000752	BP2177	b3156
OG0000753	BP2178	b0127
OG0000754	BP2179	b0128
OG0000755	BP2180	b1688
OG0000756	BP2184	b3067
OG0000757	BP2185	b3066
OG0000758	BP2186	b3065
OG0000759	BP2188	b4177
OG0000760	BP2190	b4175
OG0000761	BP2191	b4174
OG0000762	BP2192	b4173
OG0000763	BP2193	b4172
OG0000764	BP2195	b2511
OG0000765	BP2196	b2512
OG0000766	BP2197	b2513
OG0000767	BP2198	b2514
OG0000768	BP2199	b2515
OG0000769	BP2201	b2517
OG0000770	BP2202	b2518
OG0000771	BP2203	b4258
OG0000772	BP2206	b3026
OG0000773	BP2211	b4178
OG0000774	BP2212	b2552
OG0000775	BP2225	b1249
OG0000776	BP2261	b1879
OG0000777	BP2267	b3181
OG0000778	BP2269	b1006
OG0000779	BP2277	b0262
OG0000780	BP2280	b2521
OG0000781	BP2282	b1829
OG0000782	BP2283	b4051
OG0000783	BP2286	b1530
OG0000784	BP2291	b1800
OG0000785	BP2295	b1245
OG0000786	BP2302	b3819
OG0000787	BP2303	b1300
OG0000788	BP2304	b1033
OG0000789	BP2306	b0007
OG0000790	BP2307	b4263
OG0000791	BP2308	b1864
OG0000792	BP2309	b4005
OG0000793	BP2310	b2436
OG0000794	BP2311	b0639
OG0000795	BP2312	b0637
OG0000796	BP2313	b0636
OG0000797	BP2314	b3248
OG0000798	BP2317	b3247
OG0000799	BP2321	b0914
OG0000800	BP2322	b3620
OG0000801	BP2323	b0920
OG0000802	BP2324	b4502
OG0000803	BP2325	b3631
OG0000804	BP2326	b0130
OG0000805	BP2327	b3173
OG0000806	BP2332	b0184
OG0000807	BP2334	b1413
OG0000808	BP2335	b2818
OG0000809	BP2336	b2962
OG0000810	BP2338	b3724
OG0000811	BP2339	b2914
OG0000812	BP2340	b4187
OG0000813	BP2344	b2471
OG0000814	BP2345	b0857
OG0000815	BP2346	b0856
OG0000816	BP2347	b0855
OG0000817	BP2348	b0854
OG0000818	BP2351	b0496
OG0000819	BP2354	b3578
OG0000820	BP2358	b0720
OG0000821	BP2360	b0724
OG0000822	BP2361	b0723
OG0000823	BP2362	b0722
OG0000824	BP2363	b0721
OG0000825	BP2364	b0730
OG0000826	BP2368	b0333
OG0000827	BP2371	b0334
OG0000828	BP2373	b0948
OG0000829	BP2379	b3401
OG0000830	BP2385	b2748
OG0000831	BP2386	b2779
OG0000832	BP2388	b1215
OG0000833	BP2389	b2780
OG0000834	BP2394	b0832
OG0000835	BP2395	b0831
OG0000836	BP2396	b0830
OG0000837	BP2397	b0829
OG0000838	BP2398	b0828
OG0000839	BP2400	b2222
OG0000840	BP2407	b0870
OG0000841	BP2408	b3943
OG0000842	BP2409	b4069
OG0000843	BP2411	b2977
OG0000844	BP2416	b1987
OG0000845	BP2420	b4261
OG0000846	BP2421	b4260
OG0000847	BP2424	b0970
OG0000848	BP2429	b2565
OG0000849	BP2430	b2566
OG0000850	BP2431	b2567
OG0000851	BP2432	b2568
OG0000852	BP2433	b2569
OG0000853	BP2437	b2573
OG0000854	BP2439	b1095
OG0000855	BP2440	b1094
OG0000856	BP2441	b1093
OG0000857	BP2442	b1092
OG0000858	BP2443	b1091
OG0000859	BP2444	b1090
OG0000860	BP2445	b1089
OG0000861	BP2446	b1088
OG0000862	BP2447	b1087
OG0000863	BP2449	b0867
OG0000864	BP2452	b0006
OG0000865	BP2463	b1102
OG0000866	BP2464	b1529
OG0000867	BP2465	b0385
OG0000868	BP2470	b0893
OG0000869	BP2471	b0892
OG0000870	BP2472	b0891
OG0000871	BP2473	b0890
OG0000872	BP2474	b0888
OG0000873	BP2475	b2331
OG0000874	BP2476	b0543
OG0000875	BP2480	b0698
OG0000876	BP2481	b0697
OG0000877	BP2482	b0696
OG0000878	BP2483	b0695
OG0000879	BP2484	b0694
OG0000880	BP2488	b1136
OG0000881	BP2493	b4346
OG0000882	BP2495	b1448
OG0000883	BP2498	b0015
OG0000884	BP2499	b0014
OG0000885	BP2501	b2614
OG0000886	BP2503	b0475
OG0000887	BP2505	b2615
OG0000888	BP2506	b2616
OG0000889	BP2507	b0683
OG0000890	BP2508	b2617
OG0000891	BP2509	b0031
OG0000892	BP2510	b3972
OG0000893	BP2532	b1180
OG0000894	BP2533	b4226
OG0000895	BP2535	b3803
OG0000896	BP2536	b3804
OG0000897	BP2537	b3805
OG0000898	BP2540	b0729
OG0000899	BP2541	b0728
OG0000900	BP2543	b3829
OG0000901	BP2544	b3828
OG0000902	BP2546	b2699
OG0000903	BP2559	b2371
OG0000904	BP2561	b0393
OG0000905	BP2562	b4245
OG0000906	BP2566	b2945
OG0000907	BP2572	b1712
OG0000908	BP2573	b1713
OG0000909	BP2574	b1714
OG0000910	BP2575	b1716
OG0000911	BP2576	b1717
OG0000912	BP2578	b3640
OG0000913	BP2580	b4340
OG0000914	BP2585	b0065
OG0000915	BP2590	b3934
OG0000916	BP2592	b1485
OG0000917	BP2594	b1487
OG0000918	BP2601	b4269
OG0000919	BP2604	b2808
OG0000920	BP2622	b1507
OG0000921	BP2624	b2507
OG0000922	BP2625	b2508
OG0000923	BP2635	b0889
OG0000924	BP2643	b3884
OG0000925	BP2644	b3426
OG0000926	BP2657	b4121
OG0000927	BP2658	b0191
OG0000928	BP2659	b2777
OG0000929	BP2664	b1642
OG0000930	BP2668	b2557
OG0000931	BP2669	b3577
OG0000932	BP2675	b1398
OG0000933	BP2676	b1396
OG0000934	BP2677	b1394
OG0000935	BP2681	b1391
OG0000936	BP2682	b1390
OG0000937	BP2683	b1389
OG0000938	BP2684	b1388
OG0000939	BP2685	b1399
OG0000940	BP2687	b4162
OG0000941	BP2689	b4161
OG0000942	BP2699	b2553
OG0000943	BP2701	b0577
OG0000944	BP2702	b3960
OG0000945	BP2703	b1765
OG0000946	BP2706	b0781
OG0000947	BP2708	b0782
OG0000948	BP2709	b0785
OG0000949	BP2710	b0784
OG0000950	BP2711	b0783
OG0000951	BP2716	b0898
OG0000952	BP2718	b0775
OG0000953	BP2722	b3469
OG0000954	BP2723	b3292
OG0000955	BP2728	b0429
OG0000956	BP2735	b3042
OG0000957	BP2749	b1014
OG0000958	BP2751	b0951
OG0000959	BP2752	b0950
OG0000960	BP2753	b0882
OG0000961	BP2754	b2519
OG0000962	BP2755	b2520
OG0000963	BP2756	b0881
OG0000964	BP2757	b0623
OG0000965	BP2759	b1397
OG0000966	BP2760	b0155
OG0000967	BP2761	b1656
OG0000968	BP2762	b2509
OG0000969	BP2766	b0915
OG0000970	BP2767	b0917
OG0000971	BP2768	b0918
OG0000972	BP2769	b0474
OG0000973	BP2771	b1069
OG0000974	BP2773	b0023
OG0000975	BP2774	b3126
OG0000976	BP2782	b2833
OG0000977	BP2783	b0004
OG0000978	BP2785	b2379
OG0000979	BP2787	b2480
OG0000980	BP2789	b0052
OG0000981	BP2790	b2410
OG0000982	BP2791	b4052
OG0000983	BP2793	b4203
OG0000984	BP2794	b4202
OG0000985	BP2796	b4200
OG0000986	BP2798	b0420
OG0000987	BP2799	b0421
OG0000988	BP2800	b0422
OG0000989	BP2803	b3561
OG0000990	BP2807	b1253
OG0000991	BP2808	b2158
OG0000992	BP2809	b2157
OG0000993	BP2811	b1805
OG0000994	BP2816	b0199
OG0000995	BP2817	b0198
OG0000996	BP2818	b0197
OG0000997	BP2820	b2453
OG0000998	BP2831	b1312
OG0000999	BP2835	b1310
OG0001000	BP2837	b4063
OG0001001	BP2838	b3549
OG0001002	BP2839	b3524
OG0001003	BP2841	b4249
OG0001004	BP2849	b4327
OG0001005	BP2850	b0134
OG0001006	BP2854	b2842
OG0001007	BP2855	b2587
OG0001008	BP2858	b4054
OG0001009	BP2859	b1962
OG0001010	BP2872	b0447
OG0001011	BP2874	b1662
OG0001012	BP2879	b0341
OG0001013	BP2881	b0318
OG0001014	BP2890	b1131
OG0001015	BP2891	b3592
OG0001016	BP2893	b1133
OG0001017	BP2897	b1603
OG0001018	BP2901	b0584
OG0001019	BP2903	b4467
OG0001020	BP2904	b4468
OG0001021	BP2905	b2979
OG0001022	BP2908	b0754
OG0001023	BP2909	b3244
OG0001024	BP2910	b0219
OG0001025	BP2916	b0426
OG0001026	BP2931	b0430
OG0001027	BP2932	b0431
OG0001028	BP2933	b0432
OG0001029	BP2948	b0414
OG0001030	BP2951	b0413
OG0001031	BP2952	b2551
OG0001032	BP2954	b1637
OG0001033	BP2957	b1640
OG0001034	BP2958	b0156
OG0001035	BP2960	b3958
OG0001036	BP2961	b3230
OG0001037	BP2962	b3231
OG0001038	BP2964	b4235
OG0001039	BP2965	b4234
OG0001040	BP2971	b1867
OG0001041	BP2973	b1343
OG0001042	BP2977	b2584
OG0001043	BP2978	b2400
OG0001044	BP2983	b2234
OG0001045	BP2984	b2235
OG0001046	BP2986	b2952
OG0001047	BP2987	b0586
OG0001048	BP2996	b3256
OG0001049	BP2997	b3255
OG0001050	BP3000	b4233
OG0001051	BP3001	b3031
OG0001052	BP3004	b3281
OG0001053	BP3006	b0622
OG0001054	BP3014	b0098
OG0001055	BP3017	b0096
OG0001056	BP3018	b0095
OG0001057	BP3019	b0094
OG0001058	BP3020	b0093
OG0001059	BP3021	b0092
OG0001060	BP3022	b0091
OG0001061	BP3023	b0090
OG0001062	BP3024	b0089
OG0001063	BP3025	b0088
OG0001064	BP3026	b0087
OG0001065	BP3027	b0085
OG0001066	BP3028	b0084
OG0001067	BP3029	b0083
OG0001068	BP3030	b0082
OG0001069	BP3031	b0081
OG0001070	BP3034	b0949
OG0001071	BP3035	b1062
OG0001072	BP3041	b4219
OG0001073	BP3044	b2828
OG0001074	BP3056	b2580
OG0001075	BP3059	b3056
OG0001076	BP3060	b4392
OG0001077	BP3061	b2912
OG0001078	BP3062	b1981
OG0001079	BP3066	b3941
OG0001080	BP3070	b1648
OG0001081	BP3071	b2942
OG0001082	BP3074	b3809
OG0001083	BP3075	b3810
OG0001084	BP3076	b3811
OG0001085	BP3078	b2106
OG0001086	BP3080	b1857
OG0001087	BP3081	b1859
OG0001088	BP3083	b4046
OG0001089	BP3084	b4352
OG0001090	BP3085	b0145
OG0001091	BP3086	b3932
OG0001092	BP3087	b3931
OG0001093	BP3088	b0573
OG0001094	BP3092	b1046
OG0001095	BP3093	b0765
OG0001096	BP3094	b0764
OG0001097	BP3110	b1299
OG0001098	BP3116	b3262
OG0001099	BP3121	b1203
OG0001100	BP3123	b1204
OG0001101	BP3124	b2185
OG0001102	BP3125	b1207
OG0001103	BP3126	b1208
OG0001104	BP3127	b1209
OG0001105	BP3129	b3635
OG0001106	BP3131	b0347
OG0001107	BP3142	b4025
OG0001108	BP3143	b2044
OG0001109	BP3146	b0674
OG0001110	BP3153	b3356
OG0001111	BP3154	b2827
OG0001112	BP3155	b0048
OG0001113	BP3181	b1188
OG0001114	BP3182	b1784
OG0001115	BP3198	b0036
OG0001116	BP3211	b0214
OG0001117	BP3212	b0213
OG0001118	BP3213	b0212
OG0001119	BP3214	b0211
OG0001120	BP3215	b1288
OG0001121	BP3218	b1846
OG0001122	BP3223	b3404
OG0001123	BP3226	b0680
OG0001124	BP3227	b1176
OG0001125	BP3228	b1175
OG0001126	BP3229	b1174
OG0001127	BP3238	b3615
OG0001128	BP3241	b1812
OG0001129	BP3248	b2812
OG0001130	BP3251	b1638
OG0001131	BP3253	b2660
OG0001132	BP3255	b1595
OG0001133	BP3261	b1262
OG0001134	BP3262	b1263
OG0001135	BP3263	b3360
OG0001136	BP3265	b3385
OG0001137	BP3266	b3386
OG0001138	BP3267	b0050
OG0001139	BP3268	b2813
OG0001140	BP3270	b2893
OG0001141	BP3273	b1344
OG0001142	BP3277	b1393
OG0001143	BP3282	b3738
OG0001144	BP3283	b3737
OG0001145	BP3284	b3736
OG0001146	BP3285	b3735
OG0001147	BP3286	b3734
OG0001148	BP3287	b3733
OG0001149	BP3288	b3732
OG0001150	BP3289	b3731
OG0001151	BP3291	b3997
OG0001152	BP3292	b3935
OG0001153	BP3293	b3778
OG0001154	BP3303	b4167
OG0001155	BP3319	b1827
OG0001156	BP3329	b0054
OG0001157	BP3330	b0053
OG0001158	BP3331	b0051
OG0001159	BP3332	b3124
OG0001160	BP3333	b1854
OG0001161	BP3342	b0741
OG0001162	BP3343	b0740
OG0001163	BP3345	b0738
OG0001164	BP3346	b0737
OG0001165	BP3347	b0736
OG0001166	BP3348	b0194
OG0001167	BP3349	b2830
OG0001168	BP3352	b1931
OG0001169	BP3355	b1553
OG0001170	BP3366	b1368
OG0001171	BP3398	b3770
OG0001172	BP3401	b3353
OG0001173	BP3402	b2494
OG0001174	BP3410	b3196
OG0001175	BP3411	b2908
OG0001176	BP3413	b2907
OG0001177	BP3414	b3260
OG0001178	BP3415	b3261
OG0001179	BP3416	b4006
OG0001180	BP3417	b1863
OG0001181	BP3418	b1861
OG0001182	BP3419	b3152
OG0001183	BP3421	b1860
OG0001184	BP3422	b3822
OG0001185	BP3425	b0126
OG0001186	BP3437	b2249
OG0001187	BP3442	b0945
OG0001188	BP3467	b2064
OG0001189	BP3469	b1433
OG0001190	BP3470	b2562
OG0001191	BP3471	b3634
OG0001192	BP3472	b3465
OG0001193	BP3473	b3464
OG0001194	BP3481	b4105
OG0001195	BP3485	b0415
OG0001196	BP3486	b0416
OG0001197	BP3487	b0417
OG0001198	BP3488	b0418
OG0001199	BP3489	b2700
OG0001200	BP3491	b1109
OG0001201	BP3492	b4042
OG0001202	BP3495	b4143
OG0001203	BP3496	b4142
OG0001204	BP3506	b1768
OG0001205	BP3507	b1490
OG0001206	BP3522	b1929
OG0001207	BP3524	b2267
OG0001208	BP3525	b2583
OG0001209	BP3526	b4179
OG0001210	BP3527	b4180
OG0001211	BP3529	b0804
OG0001212	BP3530	b0440
OG0001213	BP3533	b3005
OG0001214	BP3534	b3025
OG0001215	BP3536	b3747
OG0001216	BP3537	b3172
OG0001217	BP3541	b3521
OG0001218	BP3543	b3553
OG0001219	BP3552	b0605
OG0001220	BP3554	b3405
OG0001221	BP3555	b4373
OG0001222	BP3557	b2835
OG0001223	BP3560	b2411
OG0001224	BP3561	b3775
OG0001225	BP3563	b1254
OG0001226	BP3564	b1778
OG0001227	BP3578	b1633
OG0001228	BP3579	b1628
OG0001229	BP3581	b3924
OG0001230	BP3583	b0931
OG0001231	BP3584	b1809
OG0001232	BP3586	b1976
OG0001233	BP3587	b2784
OG0001234	BP3589	b1261
OG0001235	BP3590	b1260
OG0001236	BP3591	b2316
OG0001237	BP3594	b4019
OG0001238	BP3595	b3966
OG0001239	BP3596	b0158
OG0001240	BP3597	b3991
OG0001241	BP3598	b2103
OG0001242	BP3606	b1250
OG0001243	BP3608	b3342
OG0001244	BP3609	b3341
OG0001245	BP3610	b3340
OG0001246	BP3612	b3321
OG0001247	BP3613	b3320
OG0001248	BP3614	b3319
OG0001249	BP3615	b3318
OG0001250	BP3616	b3317
OG0001251	BP3617	b3316
OG0001252	BP3618	b3315
OG0001253	BP3619	b3314
OG0001254	BP3620	b3313
OG0001255	BP3621	b3312
OG0001256	BP3622	b3311
OG0001257	BP3626	b3310
OG0001258	BP3627	b3309
OG0001259	BP3628	b3308
OG0001260	BP3629	b3307
OG0001261	BP3630	b3306
OG0001262	BP3631	b3305
OG0001263	BP3632	b3304
OG0001264	BP3633	b3303
OG0001265	BP3634	b3302
OG0001266	BP3635	b3301
OG0001267	BP3636	b3300
OG0001268	BP3637	b0884
OG0001269	BP3638	b3299
OG0001270	BP3639	b3298
OG0001271	BP3640	b3297
OG0001272	BP3641	b3296
OG0001273	BP3642	b3295
OG0001274	BP3643	b3294
OG0001275	BP3645	b4137
OG0001276	BP3646	b4136
OG0001277	BP3648	b0369
OG0001278	BP3649	b3865
OG0001279	BP3653	b2838
OG0001280	BP3654	b3807
OG0001281	BP3656	b3390
OG0001282	BP3657	b3389
OG0001283	BP3658	b0160
OG0001284	BP3660	b4058
OG0001285	BP3661	b0427
OG0001286	BP3662	b4059
OG0001287	BP3668	b0076
OG0001288	BP3669	b2883
OG0001289	BP3674	b0365
OG0001290	BP3676	b0366
OG0001291	BP3680	b2976
OG0001292	BP3684	b4040
OG0001293	BP3686	b1832
OG0001294	BP3689	b2665
OG0001295	BP3690	b4407
OG0001296	BP3692	b2960
OG0001297	BP3703	b0367
OG0001298	BP3711	b3996
OG0001299	BP3712	b1803
OG0001300	BP3725	b0109
OG0001301	BP3728	b2028
OG0001302	BP3729	b1828
OG0001303	BP3730	b3730
OG0001304	BP3735	b0428
OG0001305	BP3745	b2889
OG0001306	BP3746	b4065
OG0001307	BP3747	b3032
OG0001308	BP3748	b3461
OG0001309	BP3750	b2154
OG0001310	BP3751	b0356
OG0001311	BP3753	b3212
OG0001312	BP3755	b1256
OG0001313	BP3757	b3195
OG0001314	BP3758	b3194
OG0001315	BP3759	b3193
OG0001316	BP3760	b2346
OG0001317	BP3765	b3190
OG0001318	BP3766	b3189
OG0001319	BP3767	b2019
OG0001320	BP3768	b2020
OG0001321	BP3769	b2021
OG0001322	BP3770	b2022
OG0001323	BP3771	b2023
OG0001324	BP3772	b2024
OG0001325	BP3773	b2025
OG0001326	BP3774	b2026
OG0001327	BP3776	b1103
OG0001328	BP3777	b3836
OG0001329	BP3778	b3838
OG0001330	BP3779	b3839
OG0001331	BP3797	b1959
OG0001332	BP3809	b1759
OG0001333	BP3813	b2076
OG0001334	BP3814	b2075
OG0001335	BP3815	b2074
OG0001336	BP3816	b0102
OG0001337	BP3817	b0103
OG0001338	BP3818	b2972
OG0001339	BP3821	b0133
OG0001340	BP3825	b3926
OG0001341	BP3828	b3271
OG0001342	BP3829	b3270
OG0001343	BP3830	b3269
OG0001344	BP3832	b3463
OG0001345	BP3833	b3462
OG0001346	BP3836	b2961
OG0001347	BP3838	b0210
OG0001348	BP3852	b1732
OG0001349	BP3856	b0368
OG0001350	BP3858	b1247
OG0001351	BP3859	b1246
OG0001352	BP3863	b3706
OG0001353	BP3870	b0600
OG0001354	BP3871	b1823
