Orthogroup	Ecoli	Bpertussis
OG0000000	b1285, b1489, b3529, b2176, b1815, b0315, b1168, b0457, b4061, b0833, b2395, b2503	BP0338, BP1592
OG0000001	b0139, b2109, b3144, b0940, b4317, b1505, b0532	BP1882
OG0000002	b2190, b2647	BP2315, BP1201, BP3494, BP1054, BP2738
OG0000003	b3667, b2789, b3127, b3691, b4356, b3093	BP2451
OG0000004	b1387	BP2555, BP0027, BP0436, BP2944
OG0000005	b4396, b4062, b1531	BP0483, BP3798
OG0000006	b2000, b2233	BP2224, BP0529, BP1344
OG0000007	b1013	BP0617, BP3307, BP1100, BP3190
OG0000008	b2470, b3266, b0462, b3514	BP0985
OG0000009	b4089, b1853, b2427, b2561	BP2399
OG0000010	b3980, b3339	BP3611, BP0007
OG0000011	b0113, b3604	BP0209, BP3547
OG0000012	b0686	BP2114, BP0225, BP2511
OG0000013	b0512, b2873	BP1207, BP0322
OG0000014	b0770, b0612, b3063	BP0380
OG0000015	b2844	BP0422
OG0000015	b2224	BP2059
OG0000016	b0352	BP0556, BP3847, BP3695
OG0000017	b3551, b1872, b0997	BP0675
OG0000018	b2484	BP1691
OG0000018	b2278	BP0852
OG0000019	b1885, b1886, b4355	BP1030
OG0000020	b2797, b1814, b4471	BP1258
OG0000021	b3138, b3133, b1817	BP1500
OG0000022	b3547	BP1973, BP1546, BP2742
OG0000023	b0463, b3265, b3513	BP2075
OG0000024	b2766, b0043, b1699	BP2403
OG0000025	b1338	BP3036, BP2810, BP3857
OG0000026	b3213, b2887, b2468	BP3754
OG0000027	b3153	BP1542, BP0064
OG0000028	b0267	BP0080, BP1118
OG0000029	b2054, b2033	BP0092
OG0000030	b0839, b0632	BP0102
OG0000031	b3788, b2041	BP0109
OG0000032	b3844	BP1817, BP0362
OG0000033	b1748, b3359	BP0451
OG0000034	b0283	BP0576, BP2128
OG0000035	b1695, b0039	BP0625
OG0000036	b3957	BP0655, BP3588
OG0000037	b3846, b2341	BP0669
OG0000038	b2881, b2866	BP0685
OG0000039	b0805	BP0857, BP0856
OG0000040	b2734, b1838	BP0904
OG0000041	b3396	BP0905, BP3655
OG0000042	b0041, b1697	BP0961
OG0000043	b1698, b0042	BP0962
OG0000044	b0529	BP0990, BP2522
OG0000045	b2465, b2935	BP0999
OG0000046	b2296, b3115	BP1003
OG0000047	b2987, b3493	BP1014
OG0000048	b1193, b2963	BP1061
OG0000049	b4129, b2890	BP1102
OG0000050	b0992, b2204	BP1155
OG0000051	b1581, b4478	BP1161
OG0000052	b1753	BP2382, BP1190
OG0000053	b2790, b3742	BP1209
OG0000054	b3060, b1799	BP1242
OG0000055	b3460, b3458	BP1285
OG0000056	b0909, b2936	BP1463
OG0000057	b1476, b3892	BP1475
OG0000058	b2096, b3137	BP1519
OG0000059	b3113, b4243	BP1611
OG0000060	b0983, b2062	BP1628
OG0000061	b3787	BP1629, BP3150
OG0000062	b2469, b3668	BP1658
OG0000063	b3714, b3664	BP1715
OG0000064	b0852	BP1740, BP1739
OG0000065	b0982, b2061	BP1797
OG0000066	b2810, b1680	BP1842
OG0000067	b0516	BP1859, BP2301
OG0000068	b3094, b4324	BP1865
OG0000069	b0002, b4024	BP1913
OG0000070	b2048	BP1970, BP3141
OG0000071	b2685, b2368	BP2289
OG0000072	b2367, b2686	BP2290
OG0000073	b0035, b1400	BP2378
OG0000074	b3350, b0047	BP2455
OG0000075	b4067, b1015	BP2478
OG0000076	b1494, b3527	BP2497
OG0000077	b1232	BP2514, BP3254
OG0000078	b2127, b1162	BP2571
OG0000079	b4135	BP2621, BP3679
OG0000080	b3656, b3878	BP2815
OG0000081	b1111, b1618	BP2840
OG0000082	b0545, b0773	BP2953
OG0000083	b1218	BP3250, BP3007
OG0000084	b0509, b3125	BP3053
OG0000085	b1054, b2378	BP3073
OG0000086	b0763	BP3095, BP3105
OG0000087	b2349, b2442	BP3120
OG0000088	b3628	BP3145, BP3147
OG0000089	b0662, b2906	BP3269
OG0000090	b3477	BP3299, BP3861
OG0000091	b3017, b0123	BP3315
OG0000092	b2039, b3789	BP3327
OG0000093	b1236, b2042	BP3403
OG0000094	b3118, b1339	BP3457
OG0000095	b4254, b0273	BP3538
OG0000096	b4074, b2196	BP3652
OG0000097	b4572, b0321	BP3717
OG0000098	b3754, b2077	BP3824
OG0000099	b3741	BP0001
OG0000100	b3740	BP0002
OG0000101	b3981	BP0008
OG0000102	b3982	BP0009
OG0000103	b3983	BP0010
OG0000104	b3984	BP0011
OG0000105	b3985	BP0013
OG0000106	b3986	BP0014
OG0000107	b3987	BP0015
OG0000108	b3988	BP0016
OG0000109	b3560	BP0033
OG0000110	b3559	BP0034
OG0000111	b0200	BP0035
OG0000112	b1651	BP0038
OG0000113	b1916	BP0044
OG0000114	b0433	BP0050
OG0000115	b0653	BP0055
OG0000116	b0654	BP0056
OG0000117	b0473	BP0074
OG0000118	b0838	BP0075
OG0000119	b0110	BP0076
OG0000120	b2611	BP0078
OG0000121	b2610	BP0079
OG0000122	b2047	BP0087
OG0000123	b2253	BP0088
OG0000124	b2050	BP0089
OG0000125	b3786	BP0090
OG0000126	b4280	BP0093
OG0000127	b3621	BP0094
OG0000128	b3633	BP0095
OG0000129	b3973	BP0098
OG0000130	b0631	BP0104
OG0000131	b0630	BP0105
OG0000132	b0628	BP0106
OG0000133	b2038	BP0107
OG0000134	b2040	BP0108
OG0000135	b3860	BP0113
OG0000136	b1876	BP0115
OG0000137	b0074	BP0131
OG0000138	b3202	BP0133
OG0000139	b3772	BP0139
OG0000140	b0712	BP0151
OG0000141	b0711	BP0152
OG0000142	b2913	BP0155
OG0000143	b0570	BP0157
OG0000144	b0571	BP0158
OG0000145	b0400	BP0159
OG0000146	b0399	BP0160
OG0000147	b3833	BP0161
OG0000148	b3835	BP0164
OG0000149	b2778	BP0168
OG0000150	b0797	BP0170
OG0000151	b3824	BP0171
OG0000152	b4375	BP0172
OG0000153	b3336	BP0174
OG0000154	b1055	BP0179
OG0000155	b2114	BP0180
OG0000156	b2113	BP0182
OG0000157	b4220	BP0183
OG0000158	b4221	BP0184
OG0000159	b2065	BP0185
OG0000160	b4117	BP0190
OG0000161	b3492	BP0191
OG0000162	b3908	BP0193
OG0000163	b2905	BP0195
OG0000164	b2904	BP0196
OG0000165	b2903	BP0197
OG0000166	b3994	BP0206
OG0000167	b0444	BP0214
OG0000168	b3956	BP0215
OG0000169	b1395	BP0217
OG0000170	b2221	BP0221
OG0000171	b0384	BP0227
OG0000172	b0142	BP0238
OG0000173	b0143	BP0239
OG0000174	b2496	BP0241
OG0000175	b2499	BP0242
OG0000176	b4171	BP0243
OG0000177	b4170	BP0244
OG0000178	b2317	BP0245
OG0000179	b2817	BP0246
OG0000180	b4168	BP0247
OG0000181	b1611	BP0248
OG0000182	b3447	BP0252
OG0000183	b0733	BP0259
OG0000184	b0734	BP0260
OG0000185	b4515	BP0261
OG0000186	b0887	BP0262
OG0000187	b0886	BP0263
OG0000188	b0469	BP0264
OG0000189	b3228	BP0273
OG0000190	b3229	BP0274
OG0000191	b3291	BP0278
OG0000192	b0710	BP0279
OG0000193	b3235	BP0280
OG0000194	b0476	BP0285
OG0000195	b1790	BP0288
OG0000196	b3771	BP0289
OG0000197	b1657	BP0290
OG0000198	b0154	BP0315
OG0000199	b3993	BP0316
OG0000200	b2710	BP0318
OG0000201	b2948	BP0319
OG0000202	b2949	BP0320
OG0000203	b0049	BP0324
OG0000204	b4262	BP0325
OG0000205	b3208	BP0326
OG0000206	b2268	BP0333
OG0000207	b1335	BP0339
OG0000208	b2212	BP0340
OG0000209	b4287	BP0343
OG0000210	b1711	BP0344
OG0000211	b4292	BP0348
OG0000212	b4293	BP0349
OG0000213	b1392	BP0353
OG0000214	b3646	BP0367
OG0000215	b1761	BP0368
OG0000216	b3642	BP0370
OG0000217	b3251	BP0374
OG0000218	b3250	BP0375
OG0000219	b3249	BP0376
OG0000220	b0635	BP0377
OG0000221	b0634	BP0378
OG0000222	b0801	BP0379
OG0000223	b3641	BP0381
OG0000224	b3959	BP0383
OG0000225	b3150	BP0387
OG0000226	b3149	BP0388
OG0000227	b3146	BP0390
OG0000228	b2578	BP0394
OG0000229	b2534	BP0395
OG0000230	b1733	BP0397
OG0000231	b2257	BP0398
OG0000232	b2351	BP0399
OG0000233	b3653	BP0402
OG0000234	b2223	BP0404
OG0000235	b0215	BP0406
OG0000236	b3508	BP0414
OG0000237	b2832	BP0415
OG0000238	b4248	BP0432
OG0000239	b0338	BP0437
OG0000240	b3284	BP0457
OG0000241	b1763	BP0460
OG0000242	b4266	BP0464
OG0000243	b1520	BP0469
OG0000244	b3041	BP0471
OG0000245	b1084	BP0475
OG0000246	b1086	BP0477
OG0000247	b1971	BP0479
OG0000248	b1972	BP0480
OG0000249	b3605	BP0484
OG0000250	b3699	BP0489
OG0000251	b3701	BP0490
OG0000252	b3702	BP0491
OG0000253	b3703	BP0492
OG0000254	b3704	BP0493
OG0000255	b4557	BP0494
OG0000256	b3705	BP0495
OG0000257	b0537	BP0502
OG0000258	b1349	BP0509
OG0000259	b2080	BP0521
OG0000260	b0835	BP0545
OG0000261	b3288	BP0551
OG0000262	b3287	BP0552
OG0000263	b4473	BP0555
OG0000264	b2916	BP0563
OG0000265	b2923	BP0564
OG0000266	b3289	BP0569
OG0000267	b3290	BP0573
OG0000268	b3849	BP0574
OG0000269	b2542	BP0585
OG0000270	b2540	BP0586
OG0000271	b0581	BP0598
OG0000272	b3413	BP0600
OG0000273	b3606	BP0601
OG0000274	b3608	BP0603
OG0000275	b3609	BP0604
OG0000276	b3610	BP0605
OG0000277	b3611	BP0606
OG0000278	b0755	BP0607
OG0000279	b3613	BP0608
OG0000280	b1830	BP0609
OG0000281	b0826	BP0610
OG0000282	b0037	BP0624
OG0000283	b2133	BP0651
OG0000284	b3253	BP0659
OG0000285	b3729	BP0666
OG0000286	b1210	BP0677
OG0000287	b1211	BP0678
OG0000288	b1212	BP0679
OG0000289	b1654	BP0680
OG0000290	b2311	BP0681
OG0000291	b2868	BP0684A
OG0000292	b0633	BP0689
OG0000293	b3205	BP0690
OG0000294	b3204	BP0694
OG0000295	b3201	BP0697
OG0000296	b3198	BP0700
OG0000297	b3197	BP0701
OG0000298	b1849	BP0702
OG0000299	b1866	BP0709
OG0000300	b0331	BP0718
OG0000301	b1056	BP0735
OG0000302	b0242	BP0746
OG0000303	b3183	BP0747
OG0000304	b3185	BP0748
OG0000305	b3186	BP0749
OG0000306	b3187	BP0751
OG0000307	b2839	BP0752
OG0000308	b0655	BP0765
OG0000309	b0652	BP0768
OG0000310	b1450	BP0774
OG0000311	b0077	BP0789
OG0000312	b0078	BP0790
OG0000313	b3774	BP0791
OG0000314	b3165	BP0794
OG0000315	b3164	BP0795
OG0000316	b3117	BP0798
OG0000317	b3919	BP0801
OG0000318	b3175	BP0802
OG0000319	b0314	BP0804
OG0000320	b2289	BP0814
OG0000321	b3008	BP0815
OG0000322	b1301	BP0820
OG0000323	b4212	BP0829
OG0000324	b2288	BP0841
OG0000325	b2287	BP0842
OG0000326	b2286	BP0844
OG0000327	b2285	BP0845
OG0000328	b2284	BP0846
OG0000329	b2283	BP0847
OG0000330	b2282	BP0848
OG0000331	b2281	BP0849
OG0000332	b2280	BP0850
OG0000333	b2279	BP0851
OG0000334	b2277	BP0853
OG0000335	b2276	BP0854
OG0000336	b0768	BP0862
OG0000337	b4388	BP0863
OG0000338	b1114	BP0864
OG0000339	b2747	BP0865
OG0000340	b2746	BP0866
OG0000341	b4232	BP0868
OG0000342	b0932	BP0869
OG0000343	b3012	BP0900
OG0000344	b0419	BP0901
OG0000345	b0231	BP0909
OG0000346	b0936	BP0913
OG0000347	b0769	BP0922
OG0000348	b1422	BP0928
OG0000349	b2232	BP0942
OG0000350	b3552	BP0943
OG0000351	b2231	BP0944
OG0000352	b0907	BP0945
OG0000353	b2599	BP0946
OG0000354	b0908	BP0948
OG0000355	b0910	BP0949
OG0000356	b0911	BP0950
OG0000357	b0912	BP0951
OG0000358	b1280	BP0953
OG0000359	b3052	BP0954
OG0000360	b3619	BP0955
OG0000361	b2421	BP0958
OG0000362	b2701	BP0959
OG0000363	b3917	BP0966
OG0000364	b2422	BP0969
OG0000365	b2752	BP0970A
OG0000366	b2606	BP0975
OG0000367	b1813	BP0976
OG0000368	b2834	BP0977
OG0000369	b4022	BP0982
OG0000370	b0572	BP0986
OG0000371	b1795	BP0987
OG0000372	b3498	BP0989
OG0000373	b3669	BP0991
OG0000374	b0114	BP0993
OG0000375	b0115	BP0994
OG0000376	b0116	BP0995
OG0000377	b1923	BP0996
OG0000378	b2946	BP0998
OG0000379	b2927	BP1000
OG0000380	b2926	BP1001
OG0000381	b2301	BP1006
OG0000382	b2434	BP1010
OG0000383	b1000	BP1011
OG0000384	b0009	BP1015
OG0000385	b1922	BP1021
OG0000386	b1892	BP1022
OG0000387	b1891	BP1023
OG0000388	b1890	BP1024
OG0000389	b1889	BP1025
OG0000390	b1888	BP1028
OG0000391	b1887	BP1029
OG0000392	b1883	BP1032
OG0000393	b1882	BP1033
OG0000394	b1881	BP1034
OG0000395	b1771	BP1036
OG0000396	b0658	BP1038
OG0000397	b0659	BP1039
OG0000398	b0660	BP1040
OG0000399	b0661	BP1041
OG0000400	b0409	BP1045
OG0000401	b0408	BP1046
OG0000402	b0407	BP1047
OG0000403	b0406	BP1049
OG0000404	b0405	BP1050
OG0000405	b3182	BP1051
OG0000406	b2498	BP1052
OG0000407	b3368	BP1055
OG0000408	b3098	BP1057
OG0000409	b3843	BP1060
OG0000410	b3725	BP1068
OG0000411	b3726	BP1069
OG0000412	b3727	BP1070
OG0000413	b3728	BP1071
OG0000414	b2501	BP1072
OG0000415	b2502	BP1073
OG0000416	b3176	BP1075
OG0000417	b3177	BP1076
OG0000418	b3178	BP1077
OG0000419	b3179	BP1078
OG0000420	b3180	BP1079
OG0000421	b4049	BP1085
OG0000422	b3886	BP1088
OG0000423	b1706	BP1090
OG0000424	b2891	BP1104
OG0000425	b2892	BP1105
OG0000426	b1118	BP1107
OG0000427	b1117	BP1108
OG0000428	b4378	BP1109
OG0000429	b1266	BP1116
OG0000430	b3406	BP1117
OG0000431	b2463	BP1120
OG0000432	b0726	BP1124
OG0000433	b0727	BP1125
OG0000434	b3232	BP1127
OG0000435	b0150	BP1138
OG0000436	b3384	BP1143
OG0000437	b3407	BP1144
OG0000438	b1808	BP1145
OG0000439	b2595	BP1146
OG0000440	b2594	BP1147
OG0000441	b2593	BP1148
OG0000442	b3773	BP1162
OG0000443	b3258	BP1165
OG0000444	b3024	BP1175
OG0000445	b3929	BP1186
OG0000446	b0192	BP1189
OG0000447	b4546	BP1193
OG0000448	b2467	BP1194
OG0000449	b2236	BP1195
OG0000450	b1334	BP1197
OG0000451	b2592	BP1198
OG0000452	b2214	BP1210
OG0000453	b0624	BP1217
OG0000454	b1190	BP1221
OG0000455	b2270	BP1226
OG0000456	b4389	BP1227
OG0000457	b1663	BP1230
OG0000458	b0296	BP1232
OG0000459	b3638	BP1235
OG0000460	b0028	BP1236
OG0000461	b0029	BP1237
OG0000462	b1008	BP1241
OG0000463	b1269	BP1244
OG0000464	b3170	BP1245
OG0000465	b3169	BP1246
OG0000466	b3168	BP1247
OG0000467	b3167	BP1248
OG0000468	b3166	BP1249
OG0000469	b3871	BP1250
OG0000470	b3863	BP1254
OG0000471	b3830	BP1256
OG0000472	b4020	BP1257
OG0000473	b3053	BP1260
OG0000474	b3783	BP1262
OG0000475	b3781	BP1263
OG0000476	b3030	BP1264
OG0000477	b3019	BP1266
OG0000478	b2152	BP1267
OG0000479	b1454	BP1270
OG0000480	b3454	BP1273
OG0000481	b3455	BP1274
OG0000482	b3456	BP1275
OG0000483	b3457	BP1276
OG0000484	b3471	BP1279
OG0000485	b0386	BP1280
OG0000486	b3453	BP1281
OG0000487	b3452	BP1282
OG0000488	b3451	BP1283
OG0000489	b3450	BP1284
OG0000490	b2807	BP1289
OG0000491	b4160	BP1294
OG0000492	b4386	BP1297
OG0000493	b4093	BP1299
OG0000494	b2302	BP1300
OG0000495	b1710	BP1301
OG0000496	b3503	BP1306
OG0000497	b2951	BP1320
OG0000498	b2418	BP1321
OG0000499	b3431	BP1327
OG0000500	b3432	BP1328
OG0000501	b4239	BP1329
OG0000502	b0789	BP1339
OG0000503	b0790	BP1340
OG0000504	b3071	BP1342
OG0000505	b0616	BP1348
OG0000506	b0425	BP1360
OG0000507	b1918	BP1363
OG0000508	b1920	BP1364
OG0000509	b1880	BP1366
OG0000510	b1071	BP1371
OG0000511	b1072	BP1372
OG0000512	b1073	BP1373
OG0000513	b1074	BP1374
OG0000514	b1075	BP1375
OG0000515	b1076	BP1376
OG0000516	b1077	BP1377
OG0000517	b1078	BP1378
OG0000518	b1079	BP1379
OG0000519	b1080	BP1380
OG0000520	b1081	BP1381
OG0000521	b1082	BP1382
OG0000522	b1083	BP1383
OG0000523	b1950	BP1389
OG0000524	b1949	BP1390
OG0000525	b1948	BP1391
OG0000526	b1947	BP1392
OG0000527	b1946	BP1393
OG0000528	b1945	BP1394
OG0000529	b1944	BP1395
OG0000530	b1942	BP1399
OG0000531	b1941	BP1400
OG0000532	b1940	BP1401
OG0000533	b1939	BP1402
OG0000534	b1938	BP1403
OG0000535	b1937	BP1404
OG0000536	b1925	BP1409
OG0000537	b1924	BP1410
OG0000538	b2315	BP1412
OG0000539	b2313	BP1414
OG0000540	b2312	BP1415
OG0000541	b0167	BP1417
OG0000542	b0168	BP1418
OG0000543	b0169	BP1419
OG0000544	b0170	BP1420
OG0000545	b0171	BP1421
OG0000546	b0172	BP1422
OG0000547	b0174	BP1423
OG0000548	b0175	BP1424
OG0000549	b0173	BP1425
OG0000550	b0176	BP1426
OG0000551	b0177	BP1427
OG0000552	b0178	BP1428
OG0000553	b0179	BP1429
OG0000554	b0180	BP1430
OG0000555	b0181	BP1431
OG0000556	b0182	BP1432
OG0000557	b0183	BP1433
OG0000558	b1703	BP1435
OG0000559	b1702	BP1436
OG0000560	b0489	BP1440
OG0000561	b1341	BP1441
OG0000562	b2620	BP1442
OG0000563	b2619	BP1443
OG0000564	b2618	BP1444
OG0000565	b3882	BP1447
OG0000566	b0008	BP1451
OG0000567	b0032	BP1452
OG0000568	b0033	BP1453
OG0000569	b4395	BP1455
OG0000570	b2329	BP1462
OG0000571	b3856	BP1464
OG0000572	b0827	BP1465
OG0000573	b3857	BP1466
OG0000574	b4079	BP1472
OG0000575	b0072	BP1481
OG0000576	b0071	BP1482
OG0000577	b0073	BP1483
OG0000578	b3433	BP1484
OG0000579	b2318	BP1486
OG0000580	b1535	BP1492
OG0000581	b2217	BP1496
OG0000582	b1719	BP1497
OG0000583	b1718	BP1498
OG0000584	b2947	BP1499
OG0000585	b3206	BP1501
OG0000586	b2416	BP1502
OG0000587	b3022	BP1522
OG0000588	b3021	BP1523
OG0000589	b0523	BP1526
OG0000590	b0522	BP1527
OG0000591	b3282	BP1528
OG0000592	b2937	BP1531
OG0000593	b2894	BP1540
OG0000594	b0481	BP1541
OG0000595	b2134	BP1545
OG0000596	b0470	BP1549
OG0000597	b0471	BP1550
OG0000598	b0472	BP1551
OG0000599	b2475	BP1555
OG0000600	b1267	BP1556
OG0000601	b3713	BP1563
OG0000602	b2733	BP1566
OG0000603	b1128	BP1567
OG0000604	b2478	BP1570
OG0000605	b0811	BP1573
OG0000606	b0810	BP1574
OG0000607	b0809	BP1575
OG0000608	b3650	BP1576
OG0000609	b3649	BP1577
OG0000610	b3648	BP1578
OG0000611	b1708	BP1582
OG0000612	b1982	BP1583
OG0000613	b3644	BP1587
OG0000614	b3643	BP1588
OG0000615	b2954	BP1593
OG0000616	b2955	BP1595
OG0000617	b3870	BP1596
OG0000618	b3869	BP1597
OG0000619	b3868	BP1598
OG0000620	b2015	BP1599
OG0000621	b3439	BP1600
OG0000622	b0208	BP1607
OG0000623	b0207	BP1609
OG0000624	b3652	BP1612
OG0000625	b3961	BP1613
OG0000626	b0812	BP1616
OG0000627	b3801	BP1635
OG0000628	b1635	BP1664
OG0000629	b2559	BP1700
OG0000630	b1192	BP1701
OG0000631	b0820	BP1706
OG0000632	b3848	BP1712
OG0000633	b3064	BP1716
OG0000634	b3059	BP1718
OG0000635	b2744	BP1719
OG0000636	b2743	BP1720
OG0000637	b2865	BP1721
OG0000638	b2785	BP1725
OG0000639	b0487	BP1726
OG0000640	b3499	BP1730
OG0000641	b3449	BP1731
OG0000642	b0441	BP1732
OG0000643	b0494	BP1733
OG0000644	b4376	BP1736
OG0000645	b4045	BP1738
OG0000646	b3698	BP1747
OG0000647	b3639	BP1751
OG0000648	b0027	BP1752
OG0000649	b0026	BP1753
OG0000650	b0025	BP1754
OG0000651	b3813	BP1759
OG0000652	b1495	BP1760
OG0000653	b3352	BP1761
OG0000654	b2330	BP1762
OG0000655	b2472	BP1763
OG0000656	b0166	BP1764
OG0000657	b3556	BP1772
OG0000658	b3002	BP1773
OG0000659	b0436	BP1774
OG0000660	b0437	BP1775
OG0000661	b0438	BP1776
OG0000662	b0439	BP1777
OG0000663	b4043	BP1794
OG0000664	b0779	BP1796
OG0000665	b2531	BP1798
OG0000666	b2530	BP1799
OG0000667	b2529	BP1800
OG0000668	b2528	BP1801
OG0000669	b2527	BP1802
OG0000670	b2526	BP1803
OG0000671	b2525	BP1804
OG0000672	b2524	BP1805
OG0000673	b0963	BP1806
OG0000674	b2737	BP1812
OG0000675	b0947	BP1815
OG0000676	b0131	BP1816
OG0000677	b1189	BP1818
OG0000678	b2697	BP1836
OG0000679	b3470	BP1837
OG0000680	b2609	BP1839
OG0000681	b2608	BP1840
OG0000682	b2607	BP1841
OG0000683	b2898	BP1845
OG0000684	b1097	BP1846
OG0000685	b1098	BP1847
OG0000686	b1099	BP1848
OG0000687	b1100	BP1849
OG0000688	b3579	BP1864
OG0000689	b2370	BP1877
OG0000690	b0535	BP1878
OG0000691	b0140	BP1881
OG0000692	b2924	BP1898
OG0000693	b2532	BP1901
OG0000694	b2533	BP1902
OG0000695	b1816	BP1903
OG0000696	b3057	BP1904
OG0000697	b0524	BP1905
OG0000698	b0525	BP1906
OG0000699	b0526	BP1908
OG0000700	b0185	BP1910
OG0000701	b0188	BP1912
OG0000702	b1009	BP1921
OG0000703	b1650	BP1940
OG0000704	b1022	BP1942
OG0000705	b1023	BP1943
OG0000706	b3607	BP1972
OG0000707	b1120	BP1974
OG0000708	b2661	BP1976
OG0000709	b1302	BP1977
OG0000710	b2180	BP1986
OG0000711	b3391	BP1996
OG0000712	b4147	BP2010
OG0000713	b3039	BP2013
OG0000714	b1276	BP2014
OG0000715	b0118	BP2021
OG0000716	b1251	BP2025
OG0000717	b1533	BP2026
OG0000718	b2920	BP2031
OG0000719	b0243	BP2041
OG0000720	b0640	BP2042
OG0000721	b0642	BP2044
OG0000722	b1596	BP2045
OG0000723	b2684	BP2046
OG0000724	b3636	BP2050
OG0000725	b3637	BP2051
OG0000726	b2182	BP2052
OG0000727	b2678	BP2056
OG0000728	b2677	BP2057
OG0000729	b1646	BP2067
OG0000730	b0761	BP2071
OG0000731	b2564	BP2078
OG0000732	b2563	BP2079
OG0000733	b1107	BP2080
OG0000734	b1913	BP2081
OG0000735	b1912	BP2082
OG0000736	b2794	BP2084
OG0000737	b4015	BP2085
OG0000738	b2538	BP2091
OG0000739	b2539	BP2092
OG0000740	b1749	BP2110
OG0000741	b3500	BP2120
OG0000742	b3010	BP2129
OG0000743	b1540	BP2142
OG0000744	b1206	BP2143
OG0000745	b0456	BP2150
OG0000746	b1464	BP2151
OG0000747	b4336	BP2153
OG0000748	b3588	BP2157
OG0000749	b0777	BP2162
OG0000750	b0776	BP2164
OG0000751	b0774	BP2165
OG0000752	b3156	BP2177
OG0000753	b0127	BP2178
OG0000754	b0128	BP2179
OG0000755	b1688	BP2180
OG0000756	b3067	BP2184
OG0000757	b3066	BP2185
OG0000758	b3065	BP2186
OG0000759	b4177	BP2188
OG0000760	b4175	BP2190
OG0000761	b4174	BP2191
OG0000762	b4173	BP2192
OG0000763	b4172	BP2193
OG0000764	b2511	BP2195
OG0000765	b2512	BP2196
OG0000766	b2513	BP2197
OG0000767	b2514	BP2198
OG0000768	b2515	BP2199
OG0000769	b2517	BP2201
OG0000770	b2518	BP2202
OG0000771	b4258	BP2203
OG0000772	b3026	BP2206
OG0000773	b4178	BP2211
OG0000774	b2552	BP2212
OG0000775	b1249	BP2225
OG0000776	b1879	BP2261
OG0000777	b3181	BP2267
OG0000778	b1006	BP2269
OG0000779	b0262	BP2277
OG0000780	b2521	BP2280
OG0000781	b1829	BP2282
OG0000782	b4051	BP2283
OG0000783	b1530	BP2286
OG0000784	b1800	BP2291
OG0000785	b1245	BP2295
OG0000786	b3819	BP2302
OG0000787	b1300	BP2303
OG0000788	b1033	BP2304
OG0000789	b0007	BP2306
OG0000790	b4263	BP2307
OG0000791	b1864	BP2308
OG0000792	b4005	BP2309
OG0000793	b2436	BP2310
OG0000794	b0639	BP2311
OG0000795	b0637	BP2312
OG0000796	b0636	BP2313
OG0000797	b3248	BP2314
OG0000798	b3247	BP2317
OG0000799	b0914	BP2321
OG0000800	b3620	BP2322
OG0000801	b0920	BP2323
OG0000802	b4502	BP2324
OG0000803	b3631	BP2325
OG0000804	b0130	BP2326
OG0000805	b3173	BP2327
OG0000806	b0184	BP2332
OG0000807	b1413	BP2334
OG0000808	b2818	BP2335
OG0000809	b2962	BP2336
OG0000810	b3724	BP2338
OG0000811	b2914	BP2339
OG0000812	b4187	BP2340
OG0000813	b2471	BP2344
OG0000814	b0857	BP2345
OG0000815	b0856	BP2346
OG0000816	b0855	BP2347
OG0000817	b0854	BP2348
OG0000818	b0496	BP2351
OG0000819	b3578	BP2354
OG0000820	b0720	BP2358
OG0000821	b0724	BP2360
OG0000822	b0723	BP2361
OG0000823	b0722	BP2362
OG0000824	b0721	BP2363
OG0000825	b0730	BP2364
OG0000826	b0333	BP2368
OG0000827	b0334	BP2371
OG0000828	b0948	BP2373
OG0000829	b3401	BP2379
OG0000830	b2748	BP2385
OG0000831	b2779	BP2386
OG0000832	b1215	BP2388
OG0000833	b2780	BP2389
OG0000834	b0832	BP2394
OG0000835	b0831	BP2395
OG0000836	b0830	BP2396
OG0000837	b0829	BP2397
OG0000838	b0828	BP2398
OG0000839	b2222	BP2400
OG0000840	b0870	BP2407
OG0000841	b3943	BP2408
OG0000842	b4069	BP2409
OG0000843	b2977	BP2411
OG0000844	b1987	BP2416
OG0000845	b4261	BP2420
OG0000846	b4260	BP2421
OG0000847	b0970	BP2424
OG0000848	b2565	BP2429
OG0000849	b2566	BP2430
OG0000850	b2567	BP2431
OG0000851	b2568	BP2432
OG0000852	b2569	BP2433
OG0000853	b2573	BP2437
OG0000854	b1095	BP2439
OG0000855	b1094	BP2440
OG0000856	b1093	BP2441
OG0000857	b1092	BP2442
OG0000858	b1091	BP2443
OG0000859	b1090	BP2444
OG0000860	b1089	BP2445
OG0000861	b1088	BP2446
OG0000862	b1087	BP2447
OG0000863	b0867	BP2449
OG0000864	b0006	BP2452
OG0000865	b1102	BP2463
OG0000866	b1529	BP2464
OG0000867	b0385	BP2465
OG0000868	b0893	BP2470
OG0000869	b0892	BP2471
OG0000870	b0891	BP2472
OG0000871	b0890	BP2473
OG0000872	b0888	BP2474
OG0000873	b2331	BP2475
OG0000874	b0543	BP2476
OG0000875	b0698	BP2480
OG0000876	b0697	BP2481
OG0000877	b0696	BP2482
OG0000878	b0695	BP2483
OG0000879	b0694	BP2484
OG0000880	b1136	BP2488
OG0000881	b4346	BP2493
OG0000882	b1448	BP2495
OG0000883	b0015	BP2498
OG0000884	b0014	BP2499
OG0000885	b2614	BP2501
OG0000886	b0475	BP2503
OG0000887	b2615	BP2505
OG0000888	b2616	BP2506
OG0000889	b0683	BP2507
OG0000890	b2617	BP2508
OG0000891	b0031	BP2509
OG0000892	b3972	BP2510
OG0000893	b1180	BP2532
OG0000894	b4226	BP2533
OG0000895	b3803	BP2535
OG0000896	b3804	BP2536
OG0000897	b3805	BP2537
OG0000898	b0729	BP2540
OG0000899	b0728	BP2541
OG0000900	b3829	BP2543
OG0000901	b3828	BP2544
OG0000902	b2699	BP2546
OG0000903	b2371	BP2559
OG0000904	b0393	BP2561
OG0000905	b4245	BP2562
OG0000906	b2945	BP2566
OG0000907	b1712	BP2572
OG0000908	b1713	BP2573
OG0000909	b1714	BP2574
OG0000910	b1716	BP2575
OG0000911	b1717	BP2576
OG0000912	b3640	BP2578
OG0000913	b4340	BP2580
OG0000914	b0065	BP2585
OG0000915	b3934	BP2590
OG0000916	b1485	BP2592
OG0000917	b1487	BP2594
OG0000918	b4269	BP2601
OG0000919	b2808	BP2604
OG0000920	b1507	BP2622
OG0000921	b2507	BP2624
OG0000922	b2508	BP2625
OG0000923	b0889	BP2635
OG0000924	b3884	BP2643
OG0000925	b3426	BP2644
OG0000926	b4121	BP2657
OG0000927	b0191	BP2658
OG0000928	b2777	BP2659
OG0000929	b1642	BP2664
OG0000930	b2557	BP2668
OG0000931	b3577	BP2669
OG0000932	b1398	BP2675
OG0000933	b1396	BP2676
OG0000934	b1394	BP2677
OG0000935	b1391	BP2681
OG0000936	b1390	BP2682
OG0000937	b1389	BP2683
OG0000938	b1388	BP2684
OG0000939	b1399	BP2685
OG0000940	b4162	BP2687
OG0000941	b4161	BP2689
OG0000942	b2553	BP2699
OG0000943	b0577	BP2701
OG0000944	b3960	BP2702
OG0000945	b1765	BP2703
OG0000946	b0781	BP2706
OG0000947	b0782	BP2708
OG0000948	b0785	BP2709
OG0000949	b0784	BP2710
OG0000950	b0783	BP2711
OG0000951	b0898	BP2716
OG0000952	b0775	BP2718
OG0000953	b3469	BP2722
OG0000954	b3292	BP2723
OG0000955	b0429	BP2728
OG0000956	b3042	BP2735
OG0000957	b1014	BP2749
OG0000958	b0951	BP2751
OG0000959	b0950	BP2752
OG0000960	b0882	BP2753
OG0000961	b2519	BP2754
OG0000962	b2520	BP2755
OG0000963	b0881	BP2756
OG0000964	b0623	BP2757
OG0000965	b1397	BP2759
OG0000966	b0155	BP2760
OG0000967	b1656	BP2761
OG0000968	b2509	BP2762
OG0000969	b0915	BP2766
OG0000970	b0917	BP2767
OG0000971	b0918	BP2768
OG0000972	b0474	BP2769
OG0000973	b1069	BP2771
OG0000974	b0023	BP2773
OG0000975	b3126	BP2774
OG0000976	b2833	BP2782
OG0000977	b0004	BP2783
OG0000978	b2379	BP2785
OG0000979	b2480	BP2787
OG0000980	b0052	BP2789
OG0000981	b2410	BP2790
OG0000982	b4052	BP2791
OG0000983	b4203	BP2793
OG0000984	b4202	BP2794
OG0000985	b4200	BP2796
OG0000986	b0420	BP2798
OG0000987	b0421	BP2799
OG0000988	b0422	BP2800
OG0000989	b3561	BP2803
OG0000990	b1253	BP2807
OG0000991	b2158	BP2808
OG0000992	b2157	BP2809
OG0000993	b1805	BP2811
OG0000994	b0199	BP2816
OG0000995	b0198	BP2817
OG0000996	b0197	BP2818
OG0000997	b2453	BP2820
OG0000998	b1312	BP2831
OG0000999	b1310	BP2835
OG0001000	b4063	BP2837
OG0001001	b3549	BP2838
OG0001002	b3524	BP2839
OG0001003	b4249	BP2841
OG0001004	b4327	BP2849
OG0001005	b0134	BP2850
OG0001006	b2842	BP2854
OG0001007	b2587	BP2855
OG0001008	b4054	BP2858
OG0001009	b1962	BP2859
OG0001010	b0447	BP2872
OG0001011	b1662	BP2874
OG0001012	b0341	BP2879
OG0001013	b0318	BP2881
OG0001014	b1131	BP2890
OG0001015	b3592	BP2891
OG0001016	b1133	BP2893
OG0001017	b1603	BP2897
OG0001018	b0584	BP2901
OG0001019	b4467	BP2903
OG0001020	b4468	BP2904
OG0001021	b2979	BP2905
OG0001022	b0754	BP2908
OG0001023	b3244	BP2909
OG0001024	b0219	BP2910
OG0001025	b0426	BP2916
OG0001026	b0430	BP2931
OG0001027	b0431	BP2932
OG0001028	b0432	BP2933
OG0001029	b0414	BP2948
OG0001030	b0413	BP2951
OG0001031	b2551	BP2952
OG0001032	b1637	BP2954
OG0001033	b1640	BP2957
OG0001034	b0156	BP2958
OG0001035	b3958	BP2960
OG0001036	b3230	BP2961
OG0001037	b3231	BP2962
OG0001038	b4235	BP2964
OG0001039	b4234	BP2965
OG0001040	b1867	BP2971
OG0001041	b1343	BP2973
OG0001042	b2584	BP2977
OG0001043	b2400	BP2978
OG0001044	b2234	BP2983
OG0001045	b2235	BP2984
OG0001046	b2952	BP2986
OG0001047	b0586	BP2987
OG0001048	b3256	BP2996
OG0001049	b3255	BP2997
OG0001050	b4233	BP3000
OG0001051	b3031	BP3001
OG0001052	b3281	BP3004
OG0001053	b0622	BP3006
OG0001054	b0098	BP3014
OG0001055	b0096	BP3017
OG0001056	b0095	BP3018
OG0001057	b0094	BP3019
OG0001058	b0093	BP3020
OG0001059	b0092	BP3021
OG0001060	b0091	BP3022
OG0001061	b0090	BP3023
OG0001062	b0089	BP3024
OG0001063	b0088	BP3025
OG0001064	b0087	BP3026
OG0001065	b0085	BP3027
OG0001066	b0084	BP3028
OG0001067	b0083	BP3029
OG0001068	b0082	BP3030
OG0001069	b0081	BP3031
OG0001070	b0949	BP3034
OG0001071	b1062	BP3035
OG0001072	b4219	BP3041
OG0001073	b2828	BP3044
OG0001074	b2580	BP3056
OG0001075	b3056	BP3059
OG0001076	b4392	BP3060
OG0001077	b2912	BP3061
OG0001078	b1981	BP3062
OG0001079	b3941	BP3066
OG0001080	b1648	BP3070
OG0001081	b2942	BP3071
OG0001082	b3809	BP3074
OG0001083	b3810	BP3075
OG0001084	b3811	BP3076
OG0001085	b2106	BP3078
OG0001086	b1857	BP3080
OG0001087	b1859	BP3081
OG0001088	b4046	BP3083
OG0001089	b4352	BP3084
OG0001090	b0145	BP3085
OG0001091	b3932	BP3086
OG0001092	b3931	BP3087
OG0001093	b0573	BP3088
OG0001094	b1046	BP3092
OG0001095	b0765	BP3093
OG0001096	b0764	BP3094
OG0001097	b1299	BP3110
OG0001098	b3262	BP3116
OG0001099	b1203	BP3121
OG0001100	b1204	BP3123
OG0001101	b2185	BP3124
OG0001102	b1207	BP3125
OG0001103	b1208	BP3126
OG0001104	b1209	BP3127
OG0001105	b3635	BP3129
OG0001106	b0347	BP3131
OG0001107	b4025	BP3142
OG0001108	b2044	BP3143
OG0001109	b0674	BP3146
OG0001110	b3356	BP3153
OG0001111	b2827	BP3154
OG0001112	b0048	BP3155
OG0001113	b1188	BP3181
OG0001114	b1784	BP3182
OG0001115	b0036	BP3198
OG0001116	b0214	BP3211
OG0001117	b0213	BP3212
OG0001118	b0212	BP3213
OG0001119	b0211	BP3214
OG0001120	b1288	BP3215
OG0001121	b1846	BP3218
OG0001122	b3404	BP3223
OG0001123	b0680	BP3226
OG0001124	b1176	BP3227
OG0001125	b1175	BP3228
OG0001126	b1174	BP3229
OG0001127	b3615	BP3238
OG0001128	b1812	BP3241
OG0001129	b2812	BP3248
OG0001130	b1638	BP3251
OG0001131	b2660	BP3253
OG0001132	b1595	BP3255
OG0001133	b1262	BP3261
OG0001134	b1263	BP3262
OG0001135	b3360	BP3263
OG0001136	b3385	BP3265
OG0001137	b3386	BP3266
OG0001138	b0050	BP3267
OG0001139	b2813	BP3268
OG0001140	b2893	BP3270
OG0001141	b1344	BP3273
OG0001142	b1393	BP3277
OG0001143	b3738	BP3282
OG0001144	b3737	BP3283
OG0001145	b3736	BP3284
OG0001146	b3735	BP3285
OG0001147	b3734	BP3286
OG0001148	b3733	BP3287
OG0001149	b3732	BP3288
OG0001150	b3731	BP3289
OG0001151	b3997	BP3291
OG0001152	b3935	BP3292
OG0001153	b3778	BP3293
OG0001154	b4167	BP3303
OG0001155	b1827	BP3319
OG0001156	b0054	BP3329
OG0001157	b0053	BP3330
OG0001158	b0051	BP3331
OG0001159	b3124	BP3332
OG0001160	b1854	BP3333
OG0001161	b0741	BP3342
OG0001162	b0740	BP3343
OG0001163	b0738	BP3345
OG0001164	b0737	BP3346
OG0001165	b0736	BP3347
OG0001166	b0194	BP3348
OG0001167	b2830	BP3349
OG0001168	b1931	BP3352
OG0001169	b1553	BP3355
OG0001170	b1368	BP3366
OG0001171	b3770	BP3398
OG0001172	b3353	BP3401
OG0001173	b2494	BP3402
OG0001174	b3196	BP3410
OG0001175	b2908	BP3411
OG0001176	b2907	BP3413
OG0001177	b3260	BP3414
OG0001178	b3261	BP3415
OG0001179	b4006	BP3416
OG0001180	b1863	BP3417
OG0001181	b1861	BP3418
OG0001182	b3152	BP3419
OG0001183	b1860	BP3421
OG0001184	b3822	BP3422
OG0001185	b0126	BP3425
OG0001186	b2249	BP3437
OG0001187	b0945	BP3442
OG0001188	b2064	BP3467
OG0001189	b1433	BP3469
OG0001190	b2562	BP3470
OG0001191	b3634	BP3471
OG0001192	b3465	BP3472
OG0001193	b3464	BP3473
OG0001194	b4105	BP3481
OG0001195	b0415	BP3485
OG0001196	b0416	BP3486
OG0001197	b0417	BP3487
OG0001198	b0418	BP3488
OG0001199	b2700	BP3489
OG0001200	b1109	BP3491
OG0001201	b4042	BP3492
OG0001202	b4143	BP3495
OG0001203	b4142	BP3496
OG0001204	b1768	BP3506
OG0001205	b1490	BP3507
OG0001206	b1929	BP3522
OG0001207	b2267	BP3524
OG0001208	b2583	BP3525
OG0001209	b4179	BP3526
OG0001210	b4180	BP3527
OG0001211	b0804	BP3529
OG0001212	b0440	BP3530
OG0001213	b3005	BP3533
OG0001214	b3025	BP3534
OG0001215	b3747	BP3536
OG0001216	b3172	BP3537
OG0001217	b3521	BP3541
OG0001218	b3553	BP3543
OG0001219	b0605	BP3552
OG0001220	b3405	BP3554
OG0001221	b4373	BP3555
OG0001222	b2835	BP3557
OG0001223	b2411	BP3560
OG0001224	b3775	BP3561
OG0001225	b1254	BP3563
OG0001226	b1778	BP3564
OG0001227	b1633	BP3578
OG0001228	b1628	BP3579
OG0001229	b3924	BP3581
OG0001230	b0931	BP3583
OG0001231	b1809	BP3584
OG0001232	b1976	BP3586
OG0001233	b2784	BP3587
OG0001234	b1261	BP3589
OG0001235	b1260	BP3590
OG0001236	b2316	BP3591
OG0001237	b4019	BP3594
OG0001238	b3966	BP3595
OG0001239	b0158	BP3596
OG0001240	b3991	BP3597
OG0001241	b2103	BP3598
OG0001242	b1250	BP3606
OG0001243	b3342	BP3608
OG0001244	b3341	BP3609
OG0001245	b3340	BP3610
OG0001246	b3321	BP3612
OG0001247	b3320	BP3613
OG0001248	b3319	BP3614
OG0001249	b3318	BP3615
OG0001250	b3317	BP3616
OG0001251	b3316	BP3617
OG0001252	b3315	BP3618
OG0001253	b3314	BP3619
OG0001254	b3313	BP3620
OG0001255	b3312	BP3621
OG0001256	b3311	BP3622
OG0001257	b3310	BP3626
OG0001258	b3309	BP3627
OG0001259	b3308	BP3628
OG0001260	b3307	BP3629
OG0001261	b3306	BP3630
OG0001262	b3305	BP3631
OG0001263	b3304	BP3632
OG0001264	b3303	BP3633
OG0001265	b3302	BP3634
OG0001266	b3301	BP3635
OG0001267	b3300	BP3636
OG0001268	b0884	BP3637
OG0001269	b3299	BP3638
OG0001270	b3298	BP3639
OG0001271	b3297	BP3640
OG0001272	b3296	BP3641
OG0001273	b3295	BP3642
OG0001274	b3294	BP3643
OG0001275	b4137	BP3645
OG0001276	b4136	BP3646
OG0001277	b0369	BP3648
OG0001278	b3865	BP3649
OG0001279	b2838	BP3653
OG0001280	b3807	BP3654
OG0001281	b3390	BP3656
OG0001282	b3389	BP3657
OG0001283	b0160	BP3658
OG0001284	b4058	BP3660
OG0001285	b0427	BP3661
OG0001286	b4059	BP3662
OG0001287	b0076	BP3668
OG0001288	b2883	BP3669
OG0001289	b0365	BP3674
OG0001290	b0366	BP3676
OG0001291	b2976	BP3680
OG0001292	b4040	BP3684
OG0001293	b1832	BP3686
OG0001294	b2665	BP3689
OG0001295	b4407	BP3690
OG0001296	b2960	BP3692
OG0001297	b0367	BP3703
OG0001298	b3996	BP3711
OG0001299	b1803	BP3712
OG0001300	b0109	BP3725
OG0001301	b2028	BP3728
OG0001302	b1828	BP3729
OG0001303	b3730	BP3730
OG0001304	b0428	BP3735
OG0001305	b2889	BP3745
OG0001306	b4065	BP3746
OG0001307	b3032	BP3747
OG0001308	b3461	BP3748
OG0001309	b2154	BP3750
OG0001310	b0356	BP3751
OG0001311	b3212	BP3753
OG0001312	b1256	BP3755
OG0001313	b3195	BP3757
OG0001314	b3194	BP3758
OG0001315	b3193	BP3759
OG0001316	b2346	BP3760
OG0001317	b3190	BP3765
OG0001318	b3189	BP3766
OG0001319	b2019	BP3767
OG0001320	b2020	BP3768
OG0001321	b2021	BP3769
OG0001322	b2022	BP3770
OG0001323	b2023	BP3771
OG0001324	b2024	BP3772
OG0001325	b2025	BP3773
OG0001326	b2026	BP3774
OG0001327	b1103	BP3776
OG0001328	b3836	BP3777
OG0001329	b3838	BP3778
OG0001330	b3839	BP3779
OG0001331	b1959	BP3797
OG0001332	b1759	BP3809
OG0001333	b2076	BP3813
OG0001334	b2075	BP3814
OG0001335	b2074	BP3815
OG0001336	b0102	BP3816
OG0001337	b0103	BP3817
OG0001338	b2972	BP3818
OG0001339	b0133	BP3821
OG0001340	b3926	BP3825
OG0001341	b3271	BP3828
OG0001342	b3270	BP3829
OG0001343	b3269	BP3830
OG0001344	b3463	BP3832
OG0001345	b3462	BP3833
OG0001346	b2961	BP3836
OG0001347	b0210	BP3838
OG0001348	b1732	BP3852
OG0001349	b0368	BP3856
OG0001350	b1247	BP3858
OG0001351	b1246	BP3859
OG0001352	b3706	BP3863
OG0001353	b0600	BP3870
OG0001354	b1823	BP3871
